Evidence,Source,Path,Note
Headline forecast metrics,submitted generated file,results/headline_metrics.csv,Generated by Notebook 1.
Oxford-Man authentic-RV metrics,submitted generated file,results/oxford_man_metrics.csv,Generated by Notebook 1.
Ablation,submitted generated file,results/ablation.csv,Generated by Notebook 1.
Reservoir-size scaling,submitted generated file,results/reservoir_scaling.csv,Generated by Notebook 1.
Encoding density,submitted generated file,results/encoding_density.csv,Generated by Notebook 1.
Shot budget,submitted generated file,results/shot_budget.csv,Generated by Notebook 1.
Noise and ZNE,submitted generated file,results/noise_zne.csv,Generated by Notebook 1.
IBM hardware summary,submitted generated file,results/hardware_validation.json,Complete hardware summary generated by the reproducibility notebook.
IBM complete simulator/hardware observable pairs,submitted generated file,results/hardware_observables.csv,Contains matched simulator and IBM expectation values used to calculate feature correlation and MAE.
